Text,Min,Players,Best,,
Brass: Birmingham (8.40),2, 4,"3, 4",,
Ark Nova (8.34),1, 4,2,,
Twilight Imperium: Fourth Edition (8.23),3, 6,6,,
Dune: Imperium (8.23),1, 4,"3, 4",,
Terraforming Mars (8.20),1, 5,3,,
War of the Ring: Second Edition (8.19),2, 4,2,,
Star Wars: Rebellion (8.17),2, 4,2,,
Gaia Project (8.10),1, 4,"3, 4",,
Dune: Imperium – Uprising (8.07),1, 6,4,,
Twilight Struggle (8.06),2,2,2,,
The Castles of Burgundy (8.02),2, 4,2,,
Great Western Trail (8.00),2, 4,3,,
Scythe (7.97),1, 5,4,,
Eclipse: Second Dawn for the Galaxy (7.97),2, 6,"4, 6",,
7 Wonders Duel (7.97),2,2,2,,
Brass: Lancashire (7.96),2, 4,4,,
Concordia (7.93),2, 5,4,,
Great Western Trail: Second Edition (7.91),1, 4,3,,
Arkham Horror: The Card Game (7.90),1, 2,2,,
Lost Ruins of Arnak (7.90),1, 4,3,,
Root (7.89),2, 4,4,,
Wingspan (7.87),1, 5,3,,
Orléans (7.86),2, 5,4,,
Everdell (7.83),1, 4,3,,
Viticulture Essential Edition (7.83),1, 6,"3, 4",,
Heat: Pedal to the Metal (7.80),1, 6,"5, 6",,
Crokinole (7.78),2, 4,"2, 4",,
Pax Pamir: Second Edition (7.78),1, 5,4,,
Kanban EV (7.78),1, 4,3,,
Underwater Cities (7.78),1, 4,2,,
Puerto Rico (7.77),3, 5,4,,
Cascadia (7.75),1, 4,"2, 3",,
Cthulhu: Death May Die (7.75),1, 5,3,,
On Mars (7.74),1, 4,3,,
Blood Rage (7.74),2, 4,4,,
Agricola (7.74),1, 5,"3, 4",,
Lisboa (7.71),1, 4,3,,
Grand Austria Hotel (7.70),2, 4,2,,
Mansions of Madness: Second Edition (7.70),1, 5,"3, 4",,
The Quacks of Quedlinburg (7.67),2, 4,4,,
Maracaibo (7.67),1, 4,3,,
The Gallerist (7.67),1, 4,"3, 4",,
Star Wars: Imperial Assault (7.66),2, 5,"2, 5",,
Android: Netrunner (7.66),2,2,2,,
Clank!: Catacombs (7.65),2, 4,3,,
The Crew: The Quest for Planet Nine (7.64),2, 5,4,,
Azul (7.62),2, 4,2,,
Clank!: A Deck-Building Adventure (7.61),2, 4,"3, 4",,
The White Castle (7.59),1, 4,3,,
Darwin's Journey (7.59),1, 4,3,,
El Grande (7.59),2, 5,5,,
Beyond the Sun (7.58),2, 4,3,,
Wingspan Asia (7.57),1, 2,2,,
SCOUT (7.57),2, 5,4,,
The Search for Planet X (7.56),1, 4,"2, 3",,
7 Wonders (7.56),2, 7,"4, 5",,
Final Girl (7.54),1,1,1,,
Splendor Duel (7.54),2,2,2,,
Trickerion: Legends of Illusion (7.53),2, 4,4,,
SETI: Search for Extraterrestrial Intelligence (7.53),1, 4,3,,
Architects of the West Kingdom (7.53),1, 5,4,,
The Quest for El Dorado (7.52),2, 4,"2, 4",,
Lorenzo il Magnifico (7.50),2, 4,"3, 4",,
Ra (7.50),2, 5,"3, 4",,Rising Sun (7.47)
Arcs (7.50),2, 4,"3, 4",,
The Lord of the Rings: Journeys in Middle-Earth (7.49),1, 5,2,,
Nemesis: Lockdown (7.49),1, 5,"4, 5",,
Patchwork (7.48),2,2,2,,
Trajan (7.48),2, 4,4,,
Hansa Teutonica (7.47),2, 5,5,,
Wonderland's War (7.46),2, 5,4,,
Rising Sun (7.46),3, 5,"4, 5",,
Vinhos: Deluxe Edition (7.46),1, 4,4,,
Wyrmspan (7.45),1, 5,3,,
Iberia (7.45),2, 5,"3, 4",,
Clank! In! Space!: A Deck-Building Adventure (7.45),2, 4,3,,
Codenames (7.44),2, 8,"6, 8",,
Just One (7.44),3, 7,"6, 7",,
Champions of Midgard (7.43),2, 4,4,,
ISS Vanguard (7.43),1, 4,"1, 2",,
Roll for the Galaxy (7.42),2, 5,"3, 4",,
Pandemic (7.42),2, 4,4,,
Res Arcana (7.41),2, 4,2,,
The Isle of Cats (7.41),1, 4,3,,
Nucleum (7.41),1, 4,3,,
Watergate (7.40),2,2,2,,
The Lord of the Rings: The Card Game (7.39),1, 2,2,,
Dominion (Second Edition) (7.38),2, 4,"2, 3",,
Terraforming Mars: Ares Expedition (7.38),1, 4,"2, 3",,
Istanbul (7.38),2, 5,4,,
Unmatched: Cobble & Fog (7.38),2, 4,2,,
Glen More II: Chronicles (7.38),2, 4,3,,
Xia: Legends of a Drift System (7.37),3, 5,3,,
Jaipur (7.37),2,2,2,,
Earth (7.36),1, 5,"2, 3",,
Star Wars: Outer Rim (7.35),1, 4,3,,
The Red Cathedral (7.33),1, 4,3,,
Cosmic Encounter (7.33),3, 5,5,,
Carcassonne (7.30),2, 5,"2, 3",,
Return to Dark Tower (7.29),1, 4,4,,
Ankh: Gods of Egypt (7.29),2, 5,"2, 4",,
Nidavellir (7.28),2, 5,3,,
John Company: Second Edition (7.28),1, 6,"4, 5",,
Ticket to Ride (7.27),2, 5,4,,
Under Falling Skies (7.27),1,1,1,,
Near and Far (7.26),2, 4,3,,
Secret Hitler (7.26),5,10,"8, 10",,
Codenames: Duet (7.25),2,2,2,,
Fantasy Realms (7.25),2, 6,"2, 3",,
Legendary: A Marvel Deck Building Game (7.24),1, 5,3,,
"Unmatched: Battle of Legends, Volume One (7.23)",2, 4,2,,
Deception: Murder in Hong Kong (7.23),4,12,"6, 7, 8",,
Samurai (7.22),2, 4,3,,
Glory to Rome (7.22),2, 5,"3, 4",,
Western Legends (7.22),2, 6,4,,
Tapestry (7.21),1, 5,3,,
Anno 1800: The Board Game (7.20),1, 4,3,,
So Clover! (7.19),3, 6,"3, 4",,
1960: The Making of the President (7.19),2,2,2,,
Kemet: Blood and Sand (7.19),2, 5,4,,
Tiletum (7.18),1, 4,"2, 3",,
Skull King (7.18),2, 8,"4, 5, 6",,
Kingdomino (7.18),2, 4,"2, 4",,
Oath (7.18),1, 6,4,,
Apiary (7.17),1, 5,3,,
Foundations of Rome (7.17),2, 4,"3, 4",,
Thunder Road: Vendetta (7.16),2, 4,4,,
Cthulhu Wars (7.16),2, 4,4,,
Lost Cities (7.14),2,2,2,,
Imperium: Classics (7.14),1, 4,"1, 2",,
Andromeda's Edge (7.13),2, 4,3,,
Cat in the Box: Deluxe Edition (7.13),2, 5,4,,
Nemo's War (Second Edition) (7.12),1, 4,1,,
Bruges (7.11),2, 4,"3, 4",,
Tiny Epic Galaxies (7.11),1, 5,3,,
Small World (7.10),2, 5,4,,
Innovation (7.09),2, 4,2,,
Furnace (7.08),2, 4,"3, 4",,
Letters from Whitechapel (7.08),2, 6,2,,
Expeditions (7.07),1, 5,3,,
Frostpunk: The Board Game (7.07),1, 4,"1, 2",,
Unmatched: Robin Hood vs. Bigfoot (7.06),2,2,2,,
Star Wars: Armada (7.05),2,2,2,,
Lords of Hellas (7.05),1, 4,4,,
Fall of Rome (7.04),1, 5,3,,
King of Tokyo (7.02),2, 6,"4, 5",,
Blitzkrieg!: World War Two in 20 Minutes (7.02),1, 2,2,,
Codenames: Pictures (7.01),2, 8,6,,
Imperial Struggle (7.00),2,2,2,,
Dune: War for Arrakis (7.00),1, 4,2,,
Imperium: Legends (6.99),1, 4,"1, 2",,
Sprawlopolis (6.98),1, 4,1,,
PitchCar (6.97),2, 8,"5, 6",,
Libertalia: Winds of Galecrest (6.97),1, 6,"4, 5, 6",,
Black Orchestra (6.97),1, 5,3,,
Legacy of Yu (6.97),1,1,1,,
A Few Acres of Snow (6.95),2,2,2,,
Undaunted: North Africa (6.94),2,2,2,,
Citadels (6.94),2, 8,5,,
Friday (6.93),1,1,1,,
Forbidden Desert (6.92),2, 5,4,,
CATAN (6.91),3, 4,4,,
Unmatched Adventures: Tales to Amaze (6.91),1, 4,2,,
Star Wars: X-Wing (Second Edition) (6.90),2,2,2,,
Splendor: Marvel (6.90),2, 4,3,,
"Labyrinth: The War on Terror, 2001 – ? (6.90)",1, 2,2,,
Small World Underground (6.89),2, 5,4,,
Love Letter: Premium Edition (6.89),2, 8,"4, 5, 6",,
Sushi Go! (6.88),2, 5,4,,
The Fox in the Forest (6.87),2,2,2,,
One Night Ultimate Werewolf (6.87),3,10,"6, 7, 8",,
Warp's Edge (6.86),1,1,1,,
Unmatched: Jurassic Park – InGen vs Raptors (6.85),2,2,2,,
Weather Machine (6.84),2, 4,3,,
Coup (6.84),2, 6,5,,
Daybreak (6.83),1, 4, 4,,
Whitehall Mystery (6.82),2, 4,2,,
Zombicide (6.81),1, 6,"3, 6",,
Mosaic: A Story of Civilization (6.81),2, 6,4,,
Golem (6.81),1, 4,"2, 3",,
Time's Up! (6.80),4,18,"6, 8",,
Star Wars: The Clone Wars (6.79),1, 5,"2, 3",,
Disney Villainous: Wicked to the Core (6.79),2, 3,3,,
Bloodborne: The Board Game (6.78),1, 4,"1, 2",,
Fort (6.78),2, 4,3,,
AuZtralia (6.76),1, 4,3,,
Shikoku 1889 (6.76),2, 6,"3, 4",,
La Granja: Deluxe Master Set (6.76),1, 4,3,,
Babylonia (6.76),2, 4,"3, 4",,
KeyForge: Call of the Archons (6.75),2,2,2,,
The Shipwreck Arcana (6.75),2, 5,4,,
Maquis (6.74),1,1,1,,
Smash Up: Awesome Level 9000 (6.74),2,2,2,,
Inventions: Evolution of Ideas (6.71),1, 4,3,,
CO₂: Second Chance (6.71),1, 4,"3, 4",,
Disney Villainous: The Worst Takes it All (6.70),2, 6,3,,
Pirates of Maracaibo (6.70),1, 4,3,,
Lovecraft Letter (6.67),2, 6,"4, 5",,
Skyrise (6.67),2, 4,4,,
Black Angel (6.67),1, 4,3,,
King of New York (6.67),2, 6,4,,
Challengers! (6.65),1, 8,"4, 6, 2008",,
Spots (6.64),1, 4,"2, 3",,
Zombicide: Invader (6.64),1, 6,"3, 6",,
Palm Island (6.62),1, 2,1,,
Marvel Dice Masters: Avengers vs. X-Men (6.61),2,2,2,,
Summoner Wars: Alliances Master Set (6.60),2, 4,2,,
Smash Up: Science Fiction Double Feature (6.58),2,2,2,,
Legendary: A Marvel Deck Building Game – Villains (6.57),1, 5,3,,
Star Trek: Frontiers (6.55),1, 4,1,,
World of Warcraft: Wrath of the Lich King (6.55),1, 5,3,,
Star Wars: The Queen's Gambit (6.54),2, 4,2,,
Tsuro (6.54),2, 8,"4, 6",,
That's Not a Hat (6.53),3, 8,5,,
Smash Up: Pretty Pretty Smash Up (6.53),2,2,2,,
Mottainai (6.52),2, 5,2,,
Smash Up (6.52),2, 4,3,,
Marvel Dice Masters: Uncanny X-Men (6.51),2,2,2,,
Smash Up: Monster Smash (6.51),2,2,2,,
Gloomhaven: Buttons & Bugs (6.50),1,1,1,,
Betrayal at Baldur's Gate (6.46),3, 6,5,,
Super-Skill Pinball: 4-Cade (6.42),1, 4,1,,
Saboteur (6.42),3,10,"7, 8",,
Duelosaur Island (6.42),1, 2,2,,
Hellboy: The Board Game (6.41),1, 4,4,,
Rise of Tribes (6.40),2, 4,"3, 4",,
Smash Up: It's Your Fault! (6.40),2,2,2,,
Imperium: Horizons (6.39),1, 4,"1, 2",,
Spot it! (6.38),2, 8,"4, 5",,
Star Wars: Epic Duels (6.34),2, 6,"2, 4",,
Voyages (6.32),1,00,"1, 2, 3, 4",,
Lacuna (6.31),2,2,2,,
Rock Hard: 1977 (6.30),2, 5,"4, 5",,
GKR: Heavy Hitters (6.29),1, 4,4,,
Abandon All Artichokes (6.26),2, 4,4,,
A Study in Emerald (Second Edition) (6.26),2, 5,"4, 5",,
The Grand Carnival (6.25),1, 4,2,,
Smash Up: The Obligatory Cthulhu Set (6.23),2,2,2,,
Smash Up: Cease and Desist (6.22),2,2,2,,
Four Against Darkness (6.19),1,1,1,,
DC Comics Dice Masters: Justice League (6.18),2,2,2,,
Dungeons & Dragons Dice Masters: Battle for Faerûn (6.18),2,2,2,,
Unmatched: Buffy the Vampire Slayer (6.16),2, 4,2,,
March of the Ants (6.15),1, 5,"3, 4",,
Maskmen (6.15),2, 6,"4, 5",,
Ironwood (6.12),1, 2,2,,
Tainted Grail: Kings of Ruin (6.11),1, 4,"1, 2",,
Twilight Struggle: Red Sea – Conflict in the Horn of Africa (6.11),1, 2,2,,
Galactic Cruise (6.07),1, 4,3,,
Xenon Profiteer (6.06),2, 4,2,,
Smash Up: Big in Japan (6.06),2,2,2,,
Big Trouble in Little China: The Game (6.06),1, 4,"2, 4",,
Dawn of the Zeds (Second Edition) (6.01),1,1,1,,
1848: Australia (6.01),3, 6,4,,
Shake That City (6.00),1, 4,"3, 4",,
Detective: A Modern Crime Board Game – Season One (5.98),1, 5,2,,
Sequence (5.95),2,12,"3, 4",,
Unbroken (5.92),1,1,1,,
Ausonia (5.91),1, 4,2,,
The World Cup Game (5.90),3,16,"6, 8",,
Smash Up: Munchkin (5.90),2, 4,3,,
Exploding Kittens (5.88),2, 5,"4, 5",,
Imperium: The Contention (5.87),1, 6,"2, 4",,
Roll For It! (5.86),2, 4,4,,
Tír na nÓg (5.86),1, 5,"1, 3",,
Marrying Mr. Darcy (5.85),2, 6,"4, 5",,
Innovation Ultimate (5.79),2, 5,2,,
Cthulhu Wars: Duel (5.78),2,2,2,,
Unstoppable (5.77),1, 2,1,,